Year,Month,Lines Added,Lines Deleted
2001,December,1914,46
2002,January,90283,3126
2002,February,2918,856
2002,March,4943,129
2002,April,8079,3734
2002,May,435,167
2002,June,6423,2801
2002,July,107,35
2002,August,573,393
2002,September,42043,14797
2002,October,3978,1959
2002,November,453,77
2002,December,216,41
2003,January,628,145
2003,February,562,122
2003,March,1276,332
2003,April,218,17
2003,May,172,33
2003,June,7,7
2003,August,176,63
2003,September,1866,994
2003,October,1582,1625
2003,November,80,60
2003,December,209,114
2004,January,3797,138
2004,February,2527,136131
2004,March,471,163
2004,April,1340,137
2004,May,1051,138
2004,June,1610,99
2004,August,40,21
2004,September,891,662
2004,October,344,233
2004,November,2242,501
2004,December,1019,687
2005,January,131,114
2005,February,4,0
2005,March,294,118
2005,April,1346,0
2005,May,51,48
2005,June,55,16
2005,July,46,24
2005,August,77,1
2005,September,175445,46920
2005,October,14715,10649
2005,November,38640,28407
2005,December,15522,14005
2006,January,15358,141028
2006,February,7358,4061
2006,March,8344,4233
2006,April,4118,1995
2006,May,2642,574
2006,June,23957,12439
2006,July,35259,208623
2006,August,13071,7324
2006,September,8506,4644
2006,October,18503,8556
2006,November,4978,2542
2006,December,3846,2749
2007,January,3912,3747
2007,February,2421,1348
2007,March,12764,7147
2007,April,10075,7169
2007,May,4873,3238
2007,June,650,398
2007,July,1653,1090
2007,August,28366,25043
2007,September,6106,3382
2007,October,1077,928
2007,November,4183,1397
2007,December,15891,237722
2008,January,3095,1095
2008,February,5916,3937
2008,March,4277,2913
2008,April,16516,11244
2008,May,20563,18927
2008,June,9408,7134
2008,July,7524,26407
2008,August,105501,14341
2008,September,3922,3494
2008,October,23872,7693
2008,November,8524,16137
2008,December,3338,2700
2009,January,5608,535
2009,February,14608,9685
2009,March,27122,6832
2009,April,49332,32687
2009,May,5232,6817
2009,June,8393,4363
2009,July,6975,2605
2009,August,10051,5656
2009,September,2332,1868
2009,October,23973,11650
2009,November,23560,4014
2009,December,9185,4978
2010,January,738,450
2010,February,14500,10055
2010,March,2844,2754
2010,April,881,413
2010,May,3607,2504
2010,June,1974,148
2010,July,3268,2240
2010,August,2969,705
2010,September,5761,2161
2010,October,10808,10199
2010,November,5048,1211
2010,December,13587,4285
2011,January,34930,20737
2011,February,3834,1501
2011,March,23577,18147
2011,April,3033,2083
2011,May,7473,3715
2011,June,21408,11243
2011,July,20515,12307
2011,August,21558,9625
2011,September,7478,4920
2011,October,673,464
2011,November,121,19
2011,December,15309,10948
2012,January,4266,3343
2012,February,7226,4402
2012,March,6327,5321
2012,April,5668,5166
2012,May,2736,12642
2012,June,1751,589
2012,July,13762,12239
2012,August,375,144
2012,September,9972,8685
2012,October,160084,5415
2012,November,6195,4114
2012,December,3411,1915
2013,January,4234,4190
2013,February,2309,1070
2013,March,8322,6525
2013,April,6708,80105
2013,May,12068,6803
2013,June,8621,4671
2013,July,2000,5709
2013,August,11204,21387
2013,September,4773,3516
2013,October,7361,8186
2013,November,1134,523
2013,December,1758,549
2014,January,11876,11794
2014,February,8529,6207
2014,March,13377,91686
2014,April,4503,30302
2014,May,1739,4480
2014,June,1011,497
2014,July,3558,2440
2014,August,3153,2885
2014,September,2239,712
2014,October,1870,993
2014,November,1540,1203
2014,December,1420,380
2015,January,4496,1933
2015,February,1609,825
2015,March,2599,1321
2015,April,1157,525
2015,May,2372,791
2015,June,2521,2177
2015,July,11955,10189
2015,August,6567,2330
2015,September,1835,624
2015,October,3732,1559
2015,November,1523,1087
2015,December,2641,1279
2016,January,5212,3261
2016,February,3218,2007
2016,March,1683,690
2016,April,497,284
2016,May,1234,383
2016,June,1962,975
2016,July,632,440
2016,August,1452,362
2016,September,5276,1277
2016,October,1551,406
2016,November,2635,1246
2016,December,107249,111479
2017,January,2464,1437
2017,February,2619,15136
2017,March,136861,115501
2017,April,7487,3811
2017,May,2988,1557
2017,June,4040,11824
2017,July,12433,7191
2017,August,1835,1137
2017,September,2070,1281
2017,October,4081,1140
2017,November,11664,2945
2017,December,5703,4908
2018,January,3448,1414
2018,February,4110,2756
2018,March,66787,11429
2018,April,6047,8154
2018,May,3918,1793
2018,June,6785,4425
2018,July,3704,1426
2018,August,2370,1602
2018,September,6353,2729
2018,October,15459,3530
2018,November,7800,4498
2018,December,5415,4013
2019,January,5774,1706
2019,February,4283,3290
2019,March,14796,12516
2019,April,5944,5920
2019,May,18626,34488
2019,June,15133,28561
2019,July,5912,2355
2019,August,2917,2401
2019,September,4652,2348
2019,October,4180,2882
2019,November,4509,4235
2019,December,3456,1484
2020,January,11930,11495
2020,February,3133,1601
2020,March,9899,2936
2020,April,3075,1250
2020,May,7659,4948
2020,June,23087,3586
2020,July,6140,15649
2020,August,10984,7827
2020,September,16890,9386
2020,October,16249,4870
2020,November,17582,5359
2020,December,10013,5126
2021,January,11409,6466
2021,February,12875,3274
2021,March,4083,2904
2021,April,124839,4472
2021,May,14694,5026
2021,June,10175,4436
2021,July,59930,27225
2021,August,6692,122589
2021,September,12621,5888
2021,October,17561,5208
2021,November,13486,10022
2021,December,7937,6501
2022,January,14577,7365
2022,February,7331,2853
2022,March,18810,12319
2022,April,4423,2076
2022,May,4618,2412
2022,June,6177,2867
2022,July,2748,1659
2022,August,6962,3739
2022,September,5583,2200
2022,October,5150,4184
2022,November,7009,3393
2022,December,5910,4835
2023,January,5211,7004
2023,February,6301,4306
2023,March,2974,2854
2023,April,4613,2320
2023,May,4101,2467
2023,June,21421,20304
2023,July,7515,5587
2023,August,20839,24882
2023,September,10276,9443
2023,October,9966,6583
2023,November,17743,6850
2023,December,7473,4667
2024,January,11480,9045
2024,February,21282,8679
2024,March,6621,14654
2024,April,2315,1753
2024,May,4802,2588
2024,June,8045,4125
2024,July,11608,6932
2024,August,7159,3498
2024,September,2355,1930
2024,October,7664,3388
2024,November,7899,4144
2024,December,10028,7998
2025,January,3443,2959
2025,February,3724,1213
2025,March,6714,3837
2025,April,9039,7279
2025,May,10726,8220
2025,June,5709,1886
2025,July,3336,1827
2025,August,4980,6866
2025,September,6520,3974
2025,October,10209,7659
2025,November,11974,9597
2025,December,8909,29439
